{"x": [[-0.6635416666666667, -0.3140624999999999, 0.3140624999999999, 0.6635416666666667], [-0.7562500000000001, -0.37812500000000004, 0.37812500000000004, 0.7562500000000001], [-0.734375, -0.3500000000000001, 0.3500000000000001, 0.734375], [-0.6270833333333334, -0.3140624999999999, 0.3140624999999999, 0.6270833333333334]], "y": [[-0.6314814814814815, -0.8388888888888888, -0.8388888888888888, -0.6314814814814815], [-0.1777777777777778, -0.21851851851851856, -0.21851851851851856, -0.1777777777777778], [0.28888888888888875, 0.3314814814814815, 0.3314814814814815, 0.28888888888888875], [0.7092592592592593, 0.7861111111111112, 0.7861111111111112, 0.7092592592592593]]}